<?xml version="1.0" encoding="UTF-8" standalone="yes"?>
<addon id="repository.deathstroke" name="Deathstroke Repo" version="0.0.1" provider-name="DS">
	<extension point="xbmc.addon.repository" name="Deathstroke Repository">
		<dir>
			<info compressed="false">https://raw.githubusercontent.com/noobsandnerds/modules4all/master/zips/addons.xml</info>
			<checksum>https://raw.githubusercontent.com/noobsandnerds/modules4all/master/zips/addons.xml.md5</checksum>
			<datadir zip="true">https://raw.githubusercontent.com/noobsandnerds/modules4all/master/zips/</datadir>
		</dir>
		<info compressed="false">https://raw.githubusercontent.com/Speed-Team/repository.deathstroke/master/zips/addons.xml</info>
		<checksum>https://raw.githubusercontent.com/Speed-Team/repository.deathstroke/master/zips/addons.xml.md5</checksum>
		<datadir zip="true">https://raw.githubusercontent.com/Speed-Team/repository.deathstroke/master/zips/</datadir>
	</extension>
	<extension point="xbmc.addon.metadata">
		<summary lang="en">Deathstroke Repository</summary>
		<description lang="en">DS Repo</description>
		<genre></genre>
	</extension>
</addon>